{
  "norm_stats": {
    "state": {
      "mean": [
        0.1992415338754654,
        -0.12402741611003876,
        -0.03088412992656231,
        0.1737550050020218,
        0.7441911101341248,
        -0.4499000608921051,
        0.7030991911888123,
        0.20924250781536102,
        0.10885542631149292,
        -0.01588614471256733,
        -0.1302560716867447,
        0.7653124928474426,
        0.45959267020225525,
        1.3923876285552979
      ],
      "std": [
        0.09369301795959473,
        0.060232870280742645,
        0.0822567343711853,
        0.7363752126693726,
        0.3079833686351776,
        0.466193288564682,
        1.4858323335647583,
        0.1060742735862732,
        0.07203148305416107,
        0.07697166502475739,
        0.8587557077407837,
        0.27676287293434143,
        0.5512766242027283,
        1.8986456394195557
      ],
      "q01": [
        -0.03175803062617778,
        -0.24988751946166157,
        -0.13296740092635154,
        -1.2086469264984132,
        -0.12004945869445799,
        -1.4356314102172851,
        -0.050116652405261995,
        -0.04386953492760658,
        -0.04403521705418825,
        -0.13219993366599084,
        -1.5685106865167617,
        -0.051437770485878,
        -0.4295358792066574,
        -0.026043864974379542
      ],
      "q99": [
        0.3932329945713282,
        0.0032696642123162256,
        0.2369070278048515,
        1.4742298525810238,
        1.2792420059919358,
        0.3772473358154298,
        4.400213648819923,
        0.4301596059322357,
        0.2656994266867638,
        0.24498694701790813,
        1.4240930871486661,
        1.2678816004693507,
        1.6907608525276183,
        4.418676514607668
      ]
    },
    "actions": {
      "mean": [
        0.19715330004692078,
        -0.11906951665878296,
        -0.03004782274365425,
        0.17923739552497864,
        0.756277322769165,
        -0.43540698289871216,
        0.7456204891204834,
        0.20829784870147705,
        0.10430988669395447,
        -0.012627470307052135,
        -0.1449272632598877,
        0.7655221819877625,
        0.43223506212234497,
        1.4351308345794678
      ],
      "std": [
        0.09355942904949188,
        0.05997105687856674,
        0.0868353396654129,
        0.7584012746810913,
        0.32308799028396606,
        0.4926389455795288,
        1.600169062614441,
        0.1061667874455452,
        0.07143794000148773,
        0.07894621044397354,
        0.8751501441001892,
        0.2825213372707367,
        0.5716511011123657,
        2.020111083984375
      ],
      "q01": [
        -0.030726377934217453,
        -0.24755264903306962,
        -0.1479859023451805,
        -1.2793510088920592,
        -0.1453964500427246,
        -1.4848212636470794,
        0.0,
        -0.04301970063447953,
        -0.043903673961758614,
        -0.14995123569965363,
        -1.6001172734260558,
        -0.06621938119530679,
        -0.43435068180561065,
        0.0
      ],
      "q99": [
        0.3927888072550297,
        0.0033556732773780684,
        0.2528670482158661,
        1.5207346856594093,
        1.2956167154312133,
        0.44836308155059834,
        4.499099999999999,
        0.42925954832434654,
        0.2647385386347771,
        0.24053658825159074,
        1.5227676779747013,
        1.2659617971777917,
        1.723856665945053,
        4.499099999999999
      ]
    }
  }
}